,Amps,Volts,Speed (mm/s),Heat Input (kJ/mm),Weld_Quality
0,76.86686686686687,19.135135135135137,1.7265365365365364,2.3352552552552552,20.0
1,131.96196196196195,15.693693693693694,1.852942942942943,1.7490690690690691,30.0
2,144.61661661661662,27.53153153153153,2.5867567567567566,2.2824024024024023,30.0
3,74.37037037037037,23.36936936936937,2.396326326326326,0.7544744744744745,20.0
4,68.51651651651652,17.53153153153153,2.0138238238238237,2.1142342342342344,20.0
5,98.64664664664664,23.423423423423422,1.815185185185185,1.3502702702702702,30.0
6,105.36136136136136,29.423423423423422,2.1796296296296296,1.6866066066066066,20.0
7,132.04804804804803,28.73873873873874,2.870760760760761,1.0715915915915917,30.0
8,111.21521521521521,23.693693693693696,1.5229729729729728,1.7226426426426427,30.0
9,136.86886886886887,21.585585585585584,2.314244244244244,2.1887087087087087,30.0
10,128.94894894894895,29.26126126126126,1.9005505505505504,2.883003003003003,30.0
11,119.22122122122121,16.01801801801802,2.4373673673673673,1.0932132132132133,30.0
12,68.43043043043043,13.513513513513514,2.4422922922922923,2.613933933933934,30.0
13,77.38338338338339,29.18918918918919,3.0234334334334334,1.8307507507507506,20.0
14,144.10010010010012,13.891891891891891,2.928218218218218,2.798918918918919,30.0
15,139.96796796796798,15.18918918918919,2.261711711711712,2.5827027027027025,30.0
16,69.97997997997999,28.16216216216216,1.5213313313313312,2.5202402402402404,10.0
17,85.3893893893894,18.52252252252252,1.6099799799799799,2.452972972972973,30.0
18,144.53053053053054,25.26126126126126,1.866076076076076,1.676996996996997,30.0
19,100.28228228228228,16.72072072072072,2.3684184184184183,0.7616816816816817,30.0
20,99.85185185185185,17.71171171171171,1.4474574574574575,0.8577777777777778,30.0
21,127.65765765765767,15.927927927927929,2.7065965965965963,2.83975975975976,30.0
22,150.3843843843844,15.90990990990991,1.6017717717717717,1.2085285285285285,30.0
23,152.27827827827826,14.414414414414415,3.0135835835835834,2.7724924924924927,30.0
24,69.2052052052052,13.585585585585585,1.7413113113113112,2.5226426426426425,30.0
25,142.63663663663664,14.27027027027027,2.969259259259259,1.1484684684684685,30.0
26,148.23223223223223,21.54954954954955,2.2748448448448446,2.7893093093093095,30.0
27,148.14614614614615,16.45045045045045,2.8083783783783782,2.102222222222222,30.0
28,136.008008008008,17.585585585585584,1.669079079079079,1.1052252252252253,30.0
29,96.75275275275276,20.774774774774777,2.729579579579579,1.9628828828828828,30.0
30,74.97297297297297,20.594594594594597,2.8133033033033032,2.955075075075075,20.0
31,106.22222222222223,22.09009009009009,2.9725425425425422,1.2806006006006005,30.0
32,150.64264264264264,15.315315315315315,2.0745645645645645,1.2637837837837838,30.0
33,126.45245245245246,22.01801801801802,2.2945445445445447,0.9058258258258258,30.0
34,105.7917917917918,17.423423423423422,2.8609109109109108,2.8806006006006006,30.0
35,94.08408408408408,27.92792792792793,1.715045045045045,2.517837837837838,20.0
36,118.96296296296296,16.07207207207207,1.4326826826826826,1.4415615615615616,30.0
37,140.31231231231232,19.027027027027028,1.403133133133133,0.8793993993993994,30.0
38,99.33533533533534,18.61261261261261,2.3831931931931933,0.7328528528528528,30.0
39,88.91891891891892,19.08108108108108,2.200970970970971,2.443363363363363,30.0
40,143.84184184184184,29.89189189189189,2.1976876876876874,1.9941141141141143,30.0
41,125.67767767767768,17.54954954954955,1.7019119119119117,2.0181381381381382,30.0
42,95.71971971971972,24.16216216216216,1.765935935935936,1.9484684684684686,20.0
43,130.75675675675677,20.954954954954957,2.708238238238238,1.922042042042042,30.0
44,97.18318318318319,15.477477477477478,1.7363863863863862,1.7682882882882884,30.0
45,125.41941941941943,21.08108108108108,2.6409309309309306,1.3983183183183183,30.0
46,152.7947947947948,29.08108108108108,2.3848348348348347,1.0067267267267268,30.0
47,89.26326326326327,24.846846846846844,2.8165865865865864,1.9556756756756757,20.0
48,142.8948948948949,13.927927927927929,1.7445945945945944,1.8403603603603602,30.0
49,132.3923923923924,16.054054054054056,2.967617617617617,1.6433633633633633,30.0
50,146.94094094094095,21.74774774774775,2.8592692692692694,0.9971171171171171,30.0
51,145.56356356356355,15.27927927927928,1.4458158158158156,1.6265465465465465,30.0
52,114.91691691691692,16.216216216216218,2.946276276276276,2.493813813813814,30.0
53,79.87987987987988,29.603603603603602,2.4833333333333334,0.7496696696696697,20.0
54,149.26526526526527,12.684684684684685,2.228878878878879,2.4385585585585585,30.0
55,99.67967967967968,23.243243243243242,2.0729229229229227,1.5448648648648649,30.0
56,131.27327327327328,20.18018018018018,2.685255255255255,1.0691891891891891,30.0
57,74.45645645645645,13.747747747747749,1.408058058058058,2.863783783783784,30.0
58,94.34234234234233,21.27927927927928,1.6904204204204203,2.275195195195195,30.0
59,132.90890890890893,24.36036036036036,2.3109609609609607,0.7977177177177177,30.0
60,126.96896896896897,28.01801801801802,2.5539239239239238,2.3784984984984985,30.0
61,133.42542542542543,20.324324324324323,2.9216516516516515,2.9790990990990993,30.0
62,114.22822822822823,26.054054054054056,2.3454354354354354,2.661981981981982,30.0
63,151.76176176176176,20.936936936936938,1.7922022022022022,1.0812012012012011,30.0
64,101.74574574574575,24.61261261261261,2.7164464464464464,1.946066066066066,20.0
65,142.72272272272272,19.855855855855857,2.2814114114114115,0.768888888888889,30.0
66,111.73173173173174,19.603603603603602,2.429159159159159,2.5514714714714715,30.0
67,93.22322322322323,15.333333333333334,1.5508808808808807,2.8013213213213213,30.0
68,148.4044044044044,23.153153153153156,2.6146646646646645,1.0451651651651652,30.0
69,128.51851851851853,12.576576576576576,1.4884984984984984,1.7538738738738737,30.0
70,151.84784784784785,27.585585585585584,2.69018018018018,2.5274474474474475,30.0
71,72.73473473473473,24.64864864864865,1.687137137137137,1.5208408408408407,10.0
72,138.76276276276275,22.324324324324323,1.4819319319319317,1.2253453453453453,30.0
73,124.988988988989,21.71171171171171,2.4849749749749748,2.9935135135135136,30.0
74,92.7927927927928,19.765765765765764,2.02039039039039,2.4697897897897896,30.0
75,95.97797797797799,21.0990990990991,2.2206706706706707,1.9028228228228228,30.0
76,107.85785785785785,16.46846846846847,2.594964964964965,2.2583783783783784,30.0
77,92.87887887887888,21.567567567567565,2.0696396396396395,2.854174174174174,30.0
78,74.8008008008008,14.324324324324325,2.7246546546546546,1.367087087087087,30.0
79,130.92892892892894,23.26126126126126,2.8215115115115115,3.007927927927928,30.0
80,152.62262262262263,15.837837837837839,2.8018118118118114,2.183903903903904,30.0
81,139.27927927927928,19.333333333333332,2.393043043043043,1.8283483483483485,30.0
82,87.62762762762763,28.37837837837838,2.0023323323323323,2.9694894894894897,20.0
83,132.65065065065065,12.18018018018018,2.090980980980981,2.7004204204204205,30.0
84,148.92092092092093,16.504504504504503,2.5752652652652652,2.1334534534534533,30.0
85,114.14214214214215,25.675675675675677,1.7478778778778779,1.2685885885885886,30.0
86,140.82882882882882,21.495495495495497,1.8053353353353352,1.4607807807807807,30.0
87,147.97397397397398,17.08108108108108,1.915325325325325,1.4103303303303303,30.0
88,147.1991991991992,12.774774774774775,2.7886786786786786,1.9532732732732732,30.0
89,70.58258258258259,27.135135135135137,1.4999899899899898,2.6187387387387386,10.0
90,119.13513513513513,16.25225225225225,1.5262562562562563,2.1911111111111112,30.0
91,87.7997997997998,12.756756756756756,2.79032032032032,0.7640840840840841,30.0
92,69.54954954954955,18.54054054054054,1.8414514514514513,2.794114114114114,20.0
93,153.65565565565566,16.936936936936938,2.023673673673674,1.9052252252252253,30.0
94,71.35735735735736,17.63963963963964,2.8461361361361357,2.126246246246246,20.0
95,88.4024024024024,21.135135135135137,2.8247947947947947,3.0751951951951955,20.0
96,116.2942942942943,19.72972972972973,1.7642942942942943,2.6932132132132134,30.0
97,126.10810810810811,26.37837837837838,2.89046046046046,1.194114114114114,30.0
98,85.13113113113113,20.07207207207207,2.6885385385385385,2.705225225225225,20.0
99,145.73573573573574,15.243243243243244,2.2075375375375375,2.630750750750751,30.0
100,92.70670670670671,19.315315315315317,2.8395695695695693,1.7995195195195195,30.0
101,146.42442442442444,25.72972972972973,1.9399499499499497,2.433753753753754,30.0
102,142.46446446446447,15.81981981981982,1.5935635635635634,0.792912912912913,30.0
103,100.54054054054055,28.25225225225225,2.530940940940941,2.755675675675676,20.0
104,128.43243243243245,21.405405405405403,2.1041141141141138,2.2199399399399398,30.0
105,99.76576576576576,28.396396396396398,1.5656556556556556,1.9604804804804803,20.0
106,91.32932932932933,26.07207207207207,1.536106106106106,2.714834834834835,20.0
107,128.002002002002,16.43243243243243,1.5984884884884885,1.6025225225225226,30.0
108,82.97897897897897,14.18018018018018,2.1090390390390388,2.8854054054054057,30.0
109,147.02702702702703,20.972972972972975,2.576906906906907,2.6475675675675676,30.0
110,106.82482482482482,14.846846846846846,2.2994694694694693,1.04996996996997,30.0
111,123.78378378378378,25.027027027027025,2.9167267267267265,1.5760960960960961,30.0
112,134.37237237237235,17.56756756756757,2.365135135135135,2.5466666666666664,30.0
113,124.30030030030031,29.72972972972973,1.5016316316316316,2.0085285285285286,30.0
114,108.46046046046047,28.054054054054053,2.0597897897897894,0.8553753753753754,20.0
115,144.35835835835837,26.82882882882883,2.5030330330330326,1.8211411411411413,30.0
116,74.02602602602603,14.954954954954955,2.4275175175175177,2.774894894894895,30.0
117,139.53753753753756,26.9009009009009,2.9446346346346344,1.335855855855856,30.0
118,111.12912912912913,15.027027027027028,2.2518618618618618,0.8385585585585587,30.0
119,88.23023023023023,15.567567567567568,2.420950950950951,0.8481681681681682,30.0
120,86.76676676676676,16.91891891891892,2.681971971971972,2.0637837837837836,30.0
121,108.97697697697697,16.73873873873874,2.869119119119119,1.2013213213213212,30.0
122,120.16816816816817,25.387387387387385,2.296186186186186,2.508228228228228,30.0
123,86.25025025025025,20.9009009009009,2.3126026026026025,2.8421621621621624,20.0
124,100.11011011011011,22.25225225225225,2.938068068068068,2.9334534534534535,20.0
125,113.1951951951952,13.567567567567568,2.787037037037037,1.854774774774775,30.0
126,116.38038038038039,28.666666666666668,2.053223223223223,1.7947147147147149,30.0
127,90.98498498498499,12.018018018018019,2.1451551551551553,2.0037237237237235,30.0
128,112.76476476476476,14.684684684684685,2.92001001001001,0.9346546546546547,30.0
129,148.74874874874877,16.774774774774777,2.6212312312312314,2.2775975975975977,30.0
130,151.0730730730731,25.81981981981982,2.923293293293293,1.2325525525525527,30.0
131,86.16416416416416,14.252252252252251,2.5818318318318316,2.1094294294294293,30.0
132,73.42342342342343,20.504504504504503,1.9974074074074073,1.6962162162162162,20.0
133,93.65365365365366,19.693693693693692,1.4376076076076074,2.935855855855856,30.0
134,108.2882882882883,16.684684684684683,1.7528028028028027,1.001921921921922,30.0
135,89.52152152152152,14.756756756756756,1.8972672672672672,1.0403603603603604,30.0
136,85.991991991992,28.882882882882882,1.7347447447447446,2.4914114114114114,10.0
137,92.62062062062063,29.027027027027028,2.2403703703703703,1.7082282282282284,20.0
138,79.01901901901903,23.27927927927928,1.4359659659659658,1.3815015015015015,20.0
139,121.54554554554555,18.576576576576578,2.227237237237237,2.995915915915916,30.0
140,123.00900900900902,12.64864864864865,2.970900900900901,2.938258258258258,30.0
141,108.89089089089089,13.45945945945946,2.8789689689689686,1.2301501501501502,30.0
142,100.36836836836838,26.774774774774777,2.7459959959959956,1.6505705705705704,20.0
143,91.07107107107107,20.82882882882883,1.7495195195195195,1.4391591591591593,30.0
144,150.2982982982983,26.234234234234236,2.59004004004004,0.9586786786786787,30.0
145,103.12312312312312,24.99099099099099,1.7610110110110109,1.1364564564564565,30.0
146,98.56056056056056,19.8018018018018,1.6887787787787787,2.8061261261261263,30.0
147,78.67467467467468,29.405405405405403,2.6277977977977978,2.0541741741741744,20.0
148,76.78078078078079,18.774774774774777,2.223953953953954,2.592312312312312,20.0
149,109.32132132132132,12.0,3.0168668668668666,1.4175375375375374,30.0
150,84.87287287287288,12.486486486486486,1.8857757757757756,1.061981981981982,30.0
151,113.02302302302303,12.216216216216216,2.0844144144144146,2.0806006006006004,30.0
152,130.6706706706707,21.92792792792793,1.733103103103103,2.9574774774774775,30.0
153,114.05605605605606,24.34234234234234,1.5886386386386386,0.9370570570570571,30.0
154,77.55555555555556,20.37837837837838,1.935025025025025,2.822942942942943,20.0
155,79.7937937937938,22.774774774774777,2.9118018018018015,1.5953153153153155,20.0
156,82.37637637637638,27.27927927927928,1.4392492492492492,2.7604804804804806,10.0
157,134.71671671671672,18.46846846846847,1.9875575575575575,2.0205405405405403,30.0
158,114.65865865865865,22.396396396396398,1.508198198198198,0.9538738738738739,30.0
159,100.62662662662663,20.36036036036036,2.6737637637637635,1.0187387387387388,30.0
160,84.35635635635636,13.441441441441441,2.4028928928928925,0.8818018018018019,30.0
161,121.45945945945945,29.8018018018018,2.9134434434434433,1.5016216216216216,20.0
162,147.11311311311312,20.27027027027027,1.9104004004004003,1.5304504504504504,30.0
163,71.95995995995996,24.43243243243243,2.767337337337337,1.886006006006006,20.0
164,146.85485485485486,28.144144144144143,2.1517217217217217,1.7274474474474473,30.0
165,90.38238238238239,14.036036036036036,2.979109109109109,2.762882882882883,30.0
166,82.89289289289289,13.387387387387388,1.5147647647647646,3.0295495495495497,30.0
167,151.15915915915917,16.82882882882883,2.3766266266266265,0.7256456456456457,30.0
168,98.81881881881881,16.7027027027027,2.337227227227227,1.9724924924924925,30.0
169,149.78178178178177,17.333333333333332,2.3536436436436436,1.9076276276276278,30.0
170,151.93393393393393,23.747747747747745,1.8907007007007006,1.2878078078078077,30.0
171,93.48148148148148,23.765765765765764,2.9035935935935937,2.89981981981982,20.0
172,134.8028028028028,12.306306306306306,1.412982982982983,2.3016216216216216,30.0
173,151.5895895895896,13.27927927927928,1.5246146146146144,2.284804804804805,30.0
174,80.13813813813815,26.216216216216218,1.751161161161161,2.299219219219219,10.0
175,126.02202202202201,21.207207207207205,1.6838538538538539,1.684204204204204,30.0
176,143.66966966966967,21.765765765765764,1.4293993993993992,2.9815015015015014,30.0
177,84.70070070070071,27.18918918918919,2.0318818818818816,1.6457657657657658,20.0
178,133.25325325325326,20.486486486486484,1.4934234234234234,2.931051051051051,30.0
179,86.42242242242241,14.54054054054054,1.467157157157157,2.7460660660660663,30.0
180,129.2932932932933,12.162162162162161,1.4852152152152152,1.681801801801802,30.0
181,134.1141141141141,25.44144144144144,1.6362462462462461,2.147867867867868,30.0
182,72.13213213213213,13.243243243243244,2.7443543543543543,1.5328528528528529,30.0
183,81.17117117117117,28.54054054054054,2.875685685685686,2.070990990990991,20.0
184,110.78478478478479,28.34234234234234,2.8527027027027025,1.7202402402402401,20.0
185,132.22022022022023,27.243243243243242,1.4113413413413411,1.7106306306306305,30.0
186,115.43343343343344,23.207207207207205,1.4064164164164163,1.3238438438438438,30.0
187,143.75575575575576,29.81981981981982,2.547357357357357,1.528048048048048,30.0
188,80.74074074074073,26.34234234234234,1.3965665665665665,2.4217417417417417,10.0
189,73.50950950950951,29.135135135135133,2.4078178178178176,1.6193393393393394,10.0
190,92.36236236236236,12.414414414414415,2.158288288288288,3.0343543543543543,30.0
191,111.55955955955956,28.72072072072072,1.5968468468468466,1.9821021021021021,30.0
192,131.78978978978978,20.72072072072072,1.582072072072072,3.0223423423423426,30.0
193,139.8818818818819,19.945945945945944,2.905235235235235,2.267987987987988,30.0
194,105.01701701701703,17.98198198198198,1.9284584584584583,2.690810810810811,30.0
195,135.06106106106108,28.99099099099099,1.8283183183183183,3.08,30.0
196,68.6026026026026,22.82882882882883,1.8069769769769768,2.9142342342342342,10.0
197,95.89189189189189,26.61261261261261,1.7248948948948948,0.7784984984984985,20.0
198,122.92292292292292,29.765765765765767,1.7216116116116116,2.7796996996997,30.0
199,150.04004004004003,20.684684684684683,2.5424324324324323,2.967087087087087,30.0
200,95.11711711711712,16.126126126126124,1.5393893893893893,1.1580780780780782,30.0
201,79.53553553553553,21.00900900900901,2.952842842842843,0.9418618618618619,20.0
202,152.02002002002,29.315315315315313,2.0926226226226223,1.3863063063063064,30.0
203,138.93493493493494,12.324324324324325,1.9432332332332332,1.3286486486486486,30.0
204,96.83883883883884,17.063063063063062,1.907117117117117,1.4463663663663664,30.0
205,80.998998998999,24.126126126126124,2.2370870870870867,3.012732732732733,20.0
206,117.84384384384384,27.2972972972973,2.7016716716716713,0.7352552552552553,30.0
207,153.74174174174175,25.2972972972973,1.9547247247247246,2.8085285285285284,30.0
208,107.51351351351352,21.35135135135135,1.4589489489489489,2.2944144144144145,30.0
209,72.90690690690691,20.306306306306304,1.746236236236236,2.292012012012012,20.0
210,133.33933933933935,15.675675675675675,1.7183283283283282,1.9412612612612614,30.0
211,120.08208208208208,21.423423423423422,2.6540640640640643,1.4751951951951954,30.0
212,142.8088088088088,26.81081081081081,1.6296796796796795,0.8505705705705706,30.0
213,116.72472472472472,20.64864864864865,1.8627927927927928,2.1622822822822823,30.0
214,71.44344344344344,20.25225225225225,2.7853953953953954,0.7208408408408409,20.0
215,125.5915915915916,17.315315315315317,2.5966066066066062,1.7706906906906905,30.0
216,102.95095095095095,21.873873873873876,2.5654154154154156,0.8241441441441442,30.0
217,97.44144144144144,23.83783783783784,2.1566466466466467,2.4553753753753753,20.0
218,97.95795795795796,15.945945945945946,2.6064564564564563,2.21033033033033,30.0
219,71.87387387387388,27.675675675675677,1.7807107107107107,1.7394594594594595,10.0
220,94.42842842842843,18.396396396396398,2.8198698698698696,2.2271471471471473,30.0
221,83.75375375375376,24.486486486486484,2.5325825825825827,2.111831831831832,20.0
222,98.13013013013013,23.62162162162162,2.3437937937937936,0.8265465465465466,20.0
223,104.41441441441441,23.92792792792793,2.8116616616616614,2.1766966966966965,20.0
224,97.011011011011,24.216216216216218,2.3487187187187186,2.376096096096096,20.0
225,76.006006006006,16.36036036036036,3.007017017017017,0.7040240240240241,20.0
226,105.1891891891892,18.234234234234236,2.268278278278278,1.162882882882883,30.0
227,153.22522522522524,26.18018018018018,3.0217917917917916,0.864984984984985,30.0
228,92.44844844844845,29.38738738738739,1.7889189189189187,2.15027027027027,20.0
229,75.74774774774775,12.09009009009009,1.4408908908908908,2.135855855855856,30.0
230,132.73673673673676,26.324324324324323,2.1303803803803802,2.6115315315315315,30.0
231,100.88488488488488,23.117117117117118,2.4702002002002,1.3214414414414415,30.0
232,80.3963963963964,17.207207207207208,2.286336336336336,1.2037237237237237,30.0
233,88.05805805805807,12.612612612612612,1.9268168168168167,2.7388588588588587,30.0
234,75.57557557557557,29.53153153153153,1.8316016016016015,1.0331531531531533,10.0
235,127.4854854854855,24.594594594594597,2.081131131131131,2.404924924924925,30.0
236,79.1911911911912,19.74774774774775,2.017107107107107,1.2613813813813815,20.0
237,90.2962962962963,26.63063063063063,1.513123123123123,1.8355555555555556,20.0
238,141.001001001001,15.603603603603604,1.559089089089089,1.5232432432432432,30.0
239,81.94594594594595,13.657657657657658,1.696986986986987,1.652972972972973,30.0
240,140.48448448448448,17.44144144144144,2.6195895895895895,1.8980180180180182,30.0
241,84.01201201201201,17.00900900900901,1.8956256256256254,2.0998198198198197,30.0
242,149.86786786786786,20.63063063063063,2.4816916916916916,2.556276276276276,30.0
243,70.66866866866867,14.306306306306306,1.8923423423423422,1.1965165165165166,30.0
244,105.87787787787788,27.81981981981982,2.329019019019019,1.5136336336336336,20.0
245,139.62362362362364,15.135135135135135,1.651021021021021,1.624144144144144,30.0
246,145.04704704704704,24.882882882882882,2.1402302302302303,1.54006006006006,30.0
247,112.33433433433433,22.34234234234234,1.7987687687687686,1.1700900900900901,30.0
248,124.04204204204204,18.846846846846848,1.7626526526526525,1.8499699699699699,30.0
249,91.15715715715716,12.846846846846846,1.60013013013013,2.1286486486486487,30.0
250,104.84484484484484,28.52252252252252,2.471841841841842,1.4848048048048048,20.0
251,117.58558558558559,25.8018018018018,1.9333833833833833,1.7466666666666666,30.0
252,124.47247247247248,21.47747747747748,2.667197197197197,1.4727927927927928,30.0
253,142.98098098098097,18.91891891891892,2.8543443443443444,1.4055255255255257,30.0
254,144.87487487487488,14.378378378378379,2.153363363363363,2.6884084084084083,30.0
255,88.48848848848849,27.333333333333336,1.783993993993994,0.7736936936936938,20.0
256,96.49449449449449,22.864864864864863,2.332302302302302,1.4151351351351351,20.0
257,132.3063063063063,28.954954954954953,2.961051051051051,1.604924924924925,30.0
258,107.42742742742743,21.063063063063062,2.8921021021021023,0.9514714714714715,30.0
259,81.6016016016016,20.34234234234234,2.7394294294294292,1.568888888888889,20.0
260,70.23823823823824,13.207207207207206,2.631081081081081,1.307027027027027,30.0
261,142.20620620620622,20.81081081081081,1.5902802802802802,2.3256456456456456,30.0
262,115.003003003003,21.675675675675677,1.8004104104104104,2.2511711711711713,30.0
263,122.06206206206207,22.46846846846847,2.637647647647648,2.6956156156156155,30.0
264,121.71771771771772,26.594594594594597,1.531181181181181,1.9893093093093093,30.0
265,72.82082082082081,28.81081081081081,2.7492792792792793,2.171891891891892,20.0
266,123.61161161161161,29.71171171171171,1.5689389389389388,1.2445645645645644,30.0
267,132.47847847847848,12.522522522522522,2.5112412412412413,1.8475675675675673,30.0
268,153.82782782782783,25.585585585585584,1.664154154154154,0.7712912912912914,30.0
269,77.29729729729729,29.47747747747748,1.6493793793793792,1.8667867867867867,10.0
270,116.55255255255256,26.09009009009009,1.5623723723723724,1.564084084084084,30.0
271,113.71171171171171,27.44144144144144,2.327377377377377,1.737057057057057,30.0
272,77.21121121121121,25.855855855855857,2.058148148148148,1.91003003003003,20.0
273,124.55855855855856,16.10810810810811,2.8855355355355354,1.283003003003003,30.0
274,113.62562562562562,23.963963963963963,1.6657957957957956,2.428948948948949,30.0
275,81.77377377377377,24.306306306306304,1.6805705705705705,2.3496696696696695,20.0
276,91.41541541541542,29.693693693693692,2.424234234234234,1.1004204204204204,20.0
277,138.5045045045045,20.882882882882882,2.5210910910910913,2.6403603603603605,30.0
278,135.92192192192192,22.07207207207207,3.0250750750750752,2.3424624624624624,30.0
279,149.35135135135135,18.054054054054056,2.4357257257257254,1.5472672672672672,30.0
280,150.986986986987,16.54054054054054,1.838168168168168,2.4025225225225224,30.0
281,108.11611611611612,21.225225225225223,2.5358658658658655,2.5586786786786786,30.0
282,70.84084084084084,26.73873873873874,2.3897597597597597,1.4920120120120122,10.0
283,120.25425425425425,23.027027027027025,1.9038338338338336,1.1724924924924927,30.0
284,84.09809809809809,24.27027027027027,2.6868968968968967,2.1214414414414415,20.0
285,138.33233233233233,13.00900900900901,3.005375375375375,2.4842042042042043,30.0
286,125.07507507507508,26.52252252252252,2.0417317317317316,1.8115315315315317,30.0
287,117.92992992992993,18.34234234234234,1.6247547547547547,2.058978978978979,30.0
288,143.4114114114114,24.324324324324323,2.598248248248248,1.407927927927928,30.0
289,148.5765765765766,13.963963963963964,2.864194194194194,2.8205405405405406,30.0
290,123.26726726726727,18.37837837837838,2.3782682682682683,2.8589789789789792,30.0
291,121.97597597597598,12.82882882882883,2.4882582582582584,2.5971171171171172,30.0
292,75.66166166166167,20.91891891891892,2.741071071071071,2.825345345345345,20.0
293,115.51951951951952,15.963963963963964,2.941351351351351,1.950870870870871,30.0
294,119.73773773773775,26.126126126126124,2.6113813813813813,2.8613813813813813,30.0
295,73.25125125125125,21.027027027027025,2.7936036036036036,2.2535735735735734,20.0
296,110.6986986986987,25.17117117117117,2.9938838838838837,1.7034234234234233,20.0
297,148.83483483483485,13.477477477477478,1.426116116116116,1.3694894894894896,30.0
298,113.45345345345345,27.603603603603602,1.6378878878878878,1.0475675675675675,30.0
299,116.03603603603604,17.92792792792793,2.4176676676676676,2.895015015015015,30.0
300,110.95695695695696,25.62162162162162,2.0006906906906905,1.042762762762763,30.0
301,131.44544544544544,12.81081081081081,2.557207207207207,1.4872072072072071,30.0
302,118.18818818818819,22.7027027027027,3.0037337337337338,1.0836036036036036,30.0
303,81.34334334334335,24.73873873873874,2.3815515515515515,0.7016216216216217,20.0
304,133.5975975975976,18.64864864864865,2.9971671671671674,1.640960960960961,30.0
305,68.0,28.414414414414413,2.6557057057057056,0.8313513513513514,10.0
306,88.14414414414415,20.46846846846847,2.942992992992993,1.1388588588588588,20.0
307,90.12412412412412,25.90990990990991,2.2846946946946947,0.9754954954954955,20.0
308,107.5995995995996,12.99099099099099,1.618188188188188,0.7857057057057057,30.0
309,150.2122122122122,24.81081081081081,2.2485785785785786,0.8217417417417417,30.0
310,153.4834834834835,21.693693693693696,2.012182182182182,0.9851051051051052,30.0
311,91.75975975975976,13.81981981981982,2.895385385385385,2.943063063063063,30.0
312,122.32032032032032,18.504504504504503,2.3027527527527525,2.9863063063063064,30.0
313,127.57157157157158,18.09009009009009,1.6083383383383383,1.1604804804804805,30.0
314,148.66266266266268,19.62162162162162,1.4967067067067066,1.134054054054054,30.0
315,112.16216216216216,12.072072072072071,2.836286286286286,0.6872072072072073,30.0
316,93.91191191191191,24.01801801801802,2.342152152152152,1.9869069069069067,20.0
317,76.6086086086086,16.324324324324323,2.0565065065065062,1.0355555555555556,30.0
318,117.67167167167167,16.576576576576578,1.4507407407407407,1.7322522522522523,30.0
319,102.34834834834835,27.045045045045043,2.737787787787788,2.4793993993993992,20.0
320,98.21621621621622,18.792792792792792,2.086056056056056,2.3568768768768766,30.0
321,119.995995995996,21.603603603603602,2.1615715715715713,1.5112312312312313,30.0
322,115.34734734734735,13.711711711711711,2.865835835835836,1.3526726726726728,30.0
323,76.26426426426427,16.63063063063063,1.7544444444444443,1.2061261261261262,30.0
324,104.15615615615616,24.954954954954957,2.0647147147147145,1.7899099099099098,30.0
325,135.57757757757759,19.00900900900901,3.028358358358358,1.0115315315315316,30.0
326,105.96396396396396,28.756756756756758,2.604814814814815,2.702822822822823,20.0
327,115.17517517517518,18.684684684684683,2.6934634634634635,2.4097297297297295,30.0
328,147.37137137137137,28.576576576576578,2.15008008008008,0.716036036036036,30.0
329,99.5935935935936,26.846846846846844,1.6543043043043042,1.3094294294294295,20.0
330,77.64164164164164,14.054054054054054,1.82011011011011,1.5184384384384384,30.0
331,74.88688688688688,13.297297297297298,2.4898998998999,2.786906906906907,30.0
332,133.94194194194193,17.2972972972973,1.6937037037037035,2.3328528528528527,30.0
333,140.65665665665665,24.792792792792792,2.58019019019019,0.8769969969969971,30.0
334,74.62862862862863,15.35135135135135,2.2896196196196197,2.246366366366366,30.0
335,86.85285285285285,18.324324324324323,1.5804304304304304,1.8379579579579581,30.0
336,80.56856856856857,27.26126126126126,2.6015315315315313,3.0391591591591594,20.0
337,113.7977977977978,12.054054054054054,1.6772872872872873,0.8601801801801803,30.0
338,113.28128128128128,19.89189189189189,2.7804704704704704,1.9436636636636635,30.0
339,135.14714714714717,24.82882882882883,1.9383083083083084,1.8739939939939938,30.0
340,73.76776776776777,23.8018018018018,2.657347347347347,1.4511711711711712,20.0
341,137.81581581581582,21.18918918918919,1.444174174174174,0.8962162162162163,30.0
342,129.63763763763762,27.783783783783782,1.833243243243243,0.9562762762762763,30.0
343,137.72972972972974,23.585585585585584,2.558848848848849,2.200720720720721,30.0
344,90.03803803803804,22.144144144144143,1.5098398398398398,2.119039039039039,30.0
345,123.43943943943944,12.882882882882884,1.4244744744744744,2.998318318318318,30.0
346,72.992992992993,22.36036036036036,2.4784084084084084,1.5520720720720722,20.0
347,129.12112112112112,28.792792792792792,2.7115215215215214,2.316036036036036,30.0
348,97.0970970970971,14.702702702702702,3.00045045045045,0.7953153153153154,30.0
349,92.10410410410411,27.855855855855857,2.9594094094094094,2.7436636636636638,20.0
350,103.46746746746747,16.486486486486488,2.4160260260260262,3.031951951951952,30.0
351,152.7087087087087,14.864864864864865,2.263353353353353,1.504024024024024,30.0
352,136.5245245245245,28.63063063063063,1.7725025025025025,2.95987987987988,30.0
353,70.75475475475476,13.765765765765765,1.7577277277277277,0.8337537537537538,30.0
354,102.17617617617617,21.81981981981982,2.443933933933934,1.1196396396396397,30.0
355,102.004004004004,23.44144144144144,1.4802902902902901,1.8643843843843846,30.0
356,89.43543543543544,21.44144144144144,1.8086186186186186,1.4824024024024025,30.0
357,116.8108108108108,15.513513513513514,1.802052052052052,2.846966966966967,30.0
358,76.52252252252252,28.126126126126128,1.7938438438438438,3.0175375375375375,10.0
359,75.23123123123123,20.43243243243243,2.6606306306306307,1.0980180180180181,20.0
360,121.37337337337337,18.486486486486488,1.4917817817817818,1.013933933933934,30.0
361,135.4914914914915,26.396396396396398,2.867477477477477,1.3190390390390392,30.0
362,78.41641641641641,26.936936936936938,2.5128828828828826,1.8908108108108106,20.0
363,138.07407407407408,24.37837837837838,2.3076776776776775,0.8625825825825826,30.0
364,152.36436436436435,23.54954954954955,2.6507807807807806,0.7088288288288289,30.0
365,75.4034034034034,19.26126126126126,2.6130230230230227,2.573093093093093,20.0
366,82.11811811811812,20.414414414414416,2.791961961961962,1.9292492492492492,20.0
367,88.83283283283284,29.243243243243242,2.1763463463463464,2.870990990990991,20.0
368,82.8068068068068,25.513513513513516,2.8494194194194193,1.7610810810810813,20.0
369,127.05505505505505,28.324324324324323,2.841211211211211,1.4031231231231232,30.0
370,75.83383383383384,15.36936936936937,2.155005005005005,2.8493693693693696,30.0
371,153.13913913913916,21.117117117117118,1.9136836836836837,1.0043243243243243,30.0
372,87.54154154154153,24.864864864864863,2.338868868868869,1.5784984984984987,20.0
373,106.91091091091091,27.387387387387385,2.980750750750751,2.6643843843843844,20.0
374,75.91991991991992,22.216216216216218,2.461991991991992,1.1796996996996998,20.0
375,124.64464464464464,18.972972972972972,2.118888888888889,0.9322522522522523,30.0
376,87.02502502502503,27.45945945945946,2.264994994994995,1.0379579579579579,20.0
377,130.24024024024024,20.792792792792795,1.7281781781781782,1.5256456456456458,30.0
378,88.74674674674675,13.26126126126126,2.3585685685685682,1.6313513513513513,30.0
379,131.7037037037037,29.063063063063062,2.494824824824825,1.8187387387387388,30.0
380,86.07807807807808,23.513513513513516,1.6034134134134133,0.7448648648648649,20.0
381,106.3943943943944,18.28828828828829,2.9774674674674673,2.2055255255255255,30.0
382,108.54654654654655,18.594594594594597,2.324094094094094,2.0613813813813815,30.0
383,93.73973973973975,27.54954954954955,2.7476376376376375,2.818138138138138,20.0
384,109.57957957957959,14.64864864864865,2.9643343343343345,1.7827027027027027,30.0
385,116.63863863863864,29.00900900900901,2.7525625625625625,3.048768768768769,20.0
386,72.04604604604604,14.144144144144144,2.6491391391391392,2.9190390390390393,20.0
387,115.86386386386386,29.675675675675677,2.2452952952952954,2.609129129129129,20.0
388,139.02102102102103,22.936936936936938,1.449099099099099,1.2421621621621621,30.0
389,95.46146146146145,18.07207207207207,1.8184684684684684,2.448168168168168,30.0
390,134.63063063063063,23.0990990990991,1.9662162162162162,1.2181381381381382,30.0
391,85.3033033033033,20.52252252252252,2.6228728728728727,0.9154354354354355,20.0
392,129.8958958958959,17.873873873873872,1.5574474474474473,1.9196396396396396,30.0
393,104.93093093093094,28.594594594594593,1.893983983983984,1.6145345345345345,20.0
394,141.51751751751752,19.423423423423422,2.9922422422422423,2.239159159159159,30.0
395,146.6826826826827,23.63963963963964,2.425875875875876,1.8139339339339338,30.0
396,115.77777777777777,26.72072072072072,2.7837537537537536,1.1676876876876876,30.0
397,92.27627627627628,25.765765765765764,1.564014014014014,2.186306306306306,20.0
398,111.64564564564564,19.18918918918919,1.9859159159159159,2.2896096096096095,30.0
399,126.7967967967968,19.36936936936937,2.0072572572572573,1.0523723723723724,30.0
400,103.98398398398399,27.423423423423422,2.6458558558558556,1.7298498498498498,20.0
401,129.03503503503504,29.17117117117117,2.386476476476476,2.364084084084084,30.0
402,151.24524524524526,25.47747747747748,1.7051951951951951,2.083003003003003,30.0
403,94.77277277277278,27.495495495495497,2.0368068068068066,1.2926126126126127,20.0
404,109.83783783783784,16.34234234234234,1.8447347347347347,0.9130330330330331,30.0
405,118.44644644644646,12.288288288288289,2.6179479479479477,2.7676876876876877,30.0
406,143.92792792792793,15.585585585585585,2.1353053053053053,1.1268468468468469,30.0
407,100.02402402402402,22.126126126126124,1.5114814814814814,2.373693693693694,30.0
408,116.98298298298297,13.621621621621621,2.6655555555555557,1.3022222222222224,30.0
409,87.11111111111111,23.783783783783782,1.6066966966966967,2.5682882882882883,20.0
410,121.63163163163163,12.378378378378379,1.8233933933933932,2.3136336336336334,30.0
411,107.94394394394394,13.225225225225225,1.4753653653653653,2.215135135135135,30.0
412,70.4104104104104,13.0990990990991,2.9347847847847848,2.4625825825825824,20.0
413,153.3973973973974,27.117117117117118,1.3998498498498497,0.8001201201201201,30.0
414,108.71871871871872,18.882882882882882,2.122172172172172,1.5064264264264264,30.0
415,125.24724724724726,21.783783783783782,1.6789289289289289,0.7568768768768769,30.0
416,107.68568568568568,17.18918918918919,2.2781281281281283,1.621741741741742,30.0
417,118.01601601601601,24.7027027027027,1.9054754754754755,1.580900900900901,30.0
418,118.27427427427428,22.414414414414416,1.8808508508508508,0.9394594594594595,30.0
419,129.80980980980982,25.207207207207205,2.796886886886887,1.4223423423423425,30.0
420,98.04404404404404,20.10810810810811,1.8217517517517516,1.3118318318318318,30.0
421,116.46646646646647,20.16216216216216,1.6313213213213211,1.2277477477477476,30.0
422,134.88888888888889,26.504504504504503,2.419309309309309,1.5977177177177178,30.0
423,152.45045045045043,16.61261261261261,2.0187487487487488,1.254174174174174,30.0
424,89.09109109109109,29.855855855855857,2.965975975975976,2.167087087087087,20.0
425,132.82282282282284,17.945945945945944,2.9873173173173173,2.034954954954955,30.0
426,98.90490490490491,29.54954954954955,2.8888188188188186,1.4439639639639639,20.0
427,134.28628628628627,28.64864864864865,2.897027027027027,2.9646846846846846,30.0
428,88.66066066066065,17.62162162162162,2.401251251251251,0.961081081081081,30.0
429,112.67867867867868,16.27027027027027,2.60973973973974,2.782102102102102,30.0
430,145.64964964964963,16.792792792792792,1.71996996996997,1.2565765765765766,30.0
431,147.8018018018018,27.36936936936937,2.291261261261261,1.4703903903903903,30.0
432,110.61261261261262,13.315315315315315,2.5079579579579576,2.9622822822822825,30.0
433,96.32232232232232,21.855855855855857,2.209179179179179,2.5346546546546547,30.0
434,122.23423423423424,29.62162162162162,2.4603503503503505,2.0974174174174176,30.0
435,71.70170170170171,26.0,2.333943943943944,1.7346546546546548,20.0
436,134.2002002002002,26.576576576576578,1.5475975975975975,2.087807807807808,30.0
437,122.75075075075075,14.792792792792792,2.624514514514514,1.48,30.0
438,139.1071071071071,24.756756756756758,2.777187187187187,1.5544744744744745,30.0
439,145.47747747747746,17.765765765765764,2.37006006006006,2.9454654654654657,30.0
440,85.47547547547548,19.98198198198198,2.5637737737737734,2.734054054054054,20.0
441,152.96696696696696,17.855855855855857,2.3224524524524526,2.616336336336336,30.0
442,90.2102102102102,13.72972972972973,2.222312312312312,1.4992192192192193,30.0
443,85.56156156156156,23.90990990990991,2.067997997997998,3.0247447447447446,20.0
444,102.26226226226225,28.036036036036037,1.9366666666666665,2.5899099099099097,20.0
445,146.08008008008008,19.71171171171171,1.49014014014014,2.140660660660661,30.0
446,83.66766766766767,28.774774774774773,2.0663563563563563,2.4145345345345346,20.0
447,153.31131131131133,17.225225225225223,1.6214714714714713,1.7250450450450452,30.0
448,108.2022022022022,18.864864864864863,1.9514414414414414,1.1917117117117118,30.0
449,79.70770770770771,21.36936936936937,2.3946846846846848,1.427147147147147,20.0
450,132.13413413413411,23.18918918918919,2.70987987987988,1.1172372372372372,30.0
451,146.25225225225225,14.432432432432432,2.292902902902903,2.5947147147147147,30.0
452,108.37437437437438,12.792792792792794,1.495065065065065,2.416936936936937,30.0
453,75.31731731731732,29.225225225225223,3.002092092092092,2.5154354354354354,20.0
454,106.05005005005006,19.783783783783782,1.682212212212212,1.35987987987988,30.0
455,123.52552552552552,12.63063063063063,2.3093193193193193,2.5803003003003004,30.0
456,127.82982982982983,23.2972972972973,1.4786486486486485,2.621141141141141,30.0
457,77.12512512512512,17.90990990990991,1.577147147147147,2.7965165165165167,30.0
458,102.86486486486487,21.513513513513516,1.848018018018018,1.6938138138138137,30.0
459,139.45145145145145,12.864864864864865,2.187837837837838,2.4505705705705707,30.0
460,103.72572572572572,27.873873873873876,1.4835735735735736,0.9947147147147147,20.0
461,120.34034034034033,12.198198198198199,2.2173873873873875,2.9718918918918917,30.0
462,144.2722722722723,29.045045045045043,2.2978278278278275,3.0007207207207207,30.0
463,89.95195195195195,22.64864864864865,2.6967467467467463,2.095015015015015,20.0
464,81.68768768768768,15.045045045045045,2.8822522522522522,2.046966966966967,30.0
465,125.84984984984985,18.306306306306304,2.8937437437437437,1.222942942942943,30.0
466,90.55455455455456,13.135135135135135,2.872402402402402,2.9406606606606607,30.0
467,114.83083083083083,30.0,1.825035035035035,2.633153153153153,20.0
468,100.45445445445446,13.801801801801801,1.779069069069069,1.2589789789789791,30.0
469,76.43643643643644,24.52252252252252,2.4094594594594594,3.015135135135135,20.0
470,145.993993993994,22.486486486486484,1.6854954954954953,3.0103303303303304,30.0
471,153.05305305305308,18.9009009009009,2.0827727727727727,2.5106306306306307,30.0
472,101.22922922922923,22.45045045045045,1.9826326326326327,1.6649849849849852,30.0
473,93.3953953953954,12.54054054054054,2.4127427427427426,2.673993993993994,30.0
474,140.22622622622623,12.666666666666666,2.2354454454454453,1.592912912912913,30.0
475,124.9029029029029,14.45045045045045,1.4638738738738737,1.331051051051051,30.0
476,105.53353353353353,23.945945945945944,2.7131631631631627,2.3905105105105107,30.0
477,125.76376376376376,23.333333333333336,2.901951951951952,0.7809009009009009,30.0
478,116.89689689689689,13.873873873873874,1.6116216216216215,0.7064264264264265,30.0
479,138.4184184184184,16.882882882882882,2.258428428428428,1.215735735735736,30.0
480,121.8038038038038,22.576576576576578,2.995525525525525,2.549069069069069,30.0
481,122.14814814814815,18.144144144144143,2.7180880880880878,1.508828828828829,30.0
482,80.82682682682683,26.306306306306304,1.8036936936936936,0.692012012012012,20.0
483,136.43843843843842,19.675675675675677,2.9889589589589587,1.4968168168168168,30.0
484,68.77477477477477,22.666666666666664,1.953083083083083,2.397717717717718,10.0
485,72.56256256256256,18.25225225225225,2.562132132132132,1.3718918918918919,20.0
486,95.8058058058058,27.315315315315317,2.3355855855855854,2.561081081081081,20.0
487,95.37537537537537,17.495495495495497,2.2058958958958956,0.852972972972973,30.0
488,110.18218218218217,17.243243243243242,2.956126126126126,2.6547747747747747,30.0
489,101.4014014014014,16.16216216216216,3.0185085085085084,1.8235435435435434,30.0
490,78.24424424424424,16.144144144144143,1.6231131131131131,0.8673873873873874,30.0
491,110.26826826826827,17.783783783783782,2.7985285285285286,2.907027027027027,30.0
492,77.72772772772772,22.27027027027027,2.0384484484484484,1.021141141141141,20.0
493,102.09009009009009,23.72972972972973,1.8824924924924924,2.6595795795795794,30.0
494,97.78578578578579,27.693693693693696,1.4195495495495494,3.065585585585586,20.0
495,93.30930930930931,27.405405405405403,1.9235335335335333,0.8073273273273274,20.0
496,118.70470470470471,19.243243243243242,2.734504504504504,1.1076276276276276,30.0
497,102.77877877877879,23.89189189189189,2.762412412412412,0.9995195195195196,20.0
498,112.85085085085086,28.864864864864863,2.287977977977978,1.9268468468468467,20.0
499,84.61461461461462,22.792792792792795,1.984274274274274,2.243963963963964,20.0
500,88.31631631631632,22.18018018018018,2.6918218218218217,1.2998198198198199,20.0
501,93.05105105105105,25.117117117117118,2.406176176176176,1.1436636636636637,20.0
502,102.43443443443444,12.108108108108109,2.504674674674675,2.7412612612612612,30.0
503,72.47647647647648,20.55855855855856,2.0614314314314313,1.741861861861862,20.0
504,152.1061061061061,15.765765765765765,2.5916816816816817,1.0163363363363365,30.0
505,115.6056056056056,29.2972972972973,1.5672972972972972,1.1556756756756756,30.0
506,90.72672672672672,29.513513513513512,1.632962962962963,2.6427627627627626,20.0
507,69.46346346346347,19.81981981981982,2.1927627627627624,2.726846846846847,20.0
508,96.4084084084084,24.774774774774777,2.9085185185185187,3.0703903903903904,20.0
509,81.85985985985985,15.207207207207208,2.847777777777778,0.8121321321321322,30.0
510,90.46846846846847,22.99099099099099,1.6444544544544544,1.6169369369369369,20.0
511,151.33133133133134,17.693693693693692,2.1385885885885885,1.97009009009009,30.0
512,112.5925925925926,12.036036036036036,1.8463763763763763,2.5634834834834836,30.0
513,82.2042042042042,17.36936936936937,1.7084784784784783,2.022942942942943,30.0
514,120.42642642642643,29.117117117117118,2.703313313313313,3.0631831831831833,20.0
515,119.47947947947948,17.26126126126126,1.9087587587587587,0.9106306306306307,30.0
516,110.44044044044044,15.495495495495495,2.191121121121121,2.5058258258258257,30.0
517,73.93993993993993,16.594594594594597,2.043373373373373,1.713033033033033,20.0
518,120.51251251251252,24.18018018018018,1.8398098098098097,2.8373573573573574,30.0
519,124.73073073073073,29.44144144144144,1.8677177177177176,1.3046246246246247,30.0
520,84.18418418418419,19.873873873873872,2.2042542542542543,2.4818018018018018,20.0
521,89.005005005005,25.53153153153153,2.439009009009009,2.815735735735736,20.0
522,69.03303303303304,19.44144144144144,2.818228228228228,2.722042042042042,20.0
523,134.45845845845847,28.61261261261261,1.5722222222222222,2.2727927927927927,30.0
524,144.96096096096096,14.576576576576576,2.5227327327327327,1.9244444444444446,30.0
525,120.85685685685687,26.7027027027027,2.0039739739739737,1.9917117117117118,30.0
526,138.16016016016016,20.036036036036037,1.9120420420420419,2.3953153153153153,30.0
527,137.12712712712712,13.54954954954955,1.7068368368368367,2.7532732732732734,30.0
528,93.997997997998,21.963963963963963,2.8264364364364365,2.4745945945945946,20.0
529,124.12812812812814,13.423423423423424,2.736146146146146,1.801921921921922,30.0
530,69.11911911911912,19.92792792792793,2.219029029029029,2.6043243243243244,20.0
531,96.15015015015015,28.936936936936938,1.5607307307307305,1.8163363363363363,20.0
532,74.28428428428428,20.126126126126124,2.355285285285285,2.3184384384384384,20.0
533,111.98998998999,15.711711711711711,2.9856756756756755,2.9118318318318317,30.0
534,68.25825825825825,24.0,2.501391391391391,0.7881081081081082,20.0
535,153.56956956956958,21.17117117117117,2.585115115115115,1.857177177177177,30.0
536,94.17017017017017,22.684684684684683,2.1747047047047046,3.0535735735735736,20.0
537,99.24924924924925,14.99099099099099,1.4425325325325324,1.4896096096096096,30.0
538,140.05405405405406,25.045045045045043,2.524374374374374,2.8133333333333335,30.0
539,89.86586586586587,26.54054054054054,2.7607707707707707,2.2487687687687687,20.0
540,73.5955955955956,14.63063063063063,1.5705805805805806,2.03015015015015,30.0
541,135.40540540540542,22.972972972972975,1.6263963963963963,1.3574774774774774,30.0
542,123.18118118118119,29.27927927927928,1.5328228228228227,0.7472672672672673,30.0
543,132.994994994995,23.47747747747748,1.8299599599599599,2.1382582582582583,30.0
544,109.23523523523524,21.90990990990991,1.8545845845845845,2.412132132132132,30.0
545,71.0990990990991,21.89189189189189,2.9626926926926926,2.9046246246246246,20.0
546,128.60460460460462,14.774774774774775,2.391401401401401,2.5442642642642643,30.0
547,137.04104104104104,20.73873873873874,2.5407907907907905,2.7484684684684684,30.0
548,107.16916916916918,20.54054054054054,2.8444944944944943,1.8812012012012014,30.0
549,136.95495495495496,18.27027027027027,2.1073973973973974,2.71963963963964,30.0
550,111.38738738738739,20.396396396396398,3.0103003003003,2.155075075075075,30.0
551,144.7027027027027,18.43243243243243,1.4704404404404403,2.09021021021021,30.0
552,114.74474474474474,16.756756756756758,2.1697797797797795,1.6121321321321322,30.0
553,117.15515515515516,22.0,2.4767667667667665,0.8145345345345346,30.0
554,77.46946946946947,19.045045045045043,2.411101101101101,2.0493693693693693,20.0
555,122.49249249249249,17.0990990990991,1.921891891891892,1.66018018018018,30.0
556,68.94694694694695,26.486486486486484,2.194404404404404,2.1815015015015016,10.0
557,94.85885885885887,16.414414414414416,1.6674374374374374,2.34006006006006,30.0
558,79.62162162162163,16.09009009009009,1.6592292292292292,1.7514714714714716,30.0
559,117.32732732732734,26.16216216216216,2.0794894894894895,2.2175375375375377,30.0
560,142.3783783783784,18.1981981981982,2.3503603603603604,1.2733933933933934,30.0
561,143.3253253253253,26.954954954954957,2.39960960960961,1.5833033033033033,30.0
562,118.53253253253254,27.0990990990991,1.9809909909909909,2.0325525525525525,30.0
563,149.0930930930931,19.117117117117118,1.8775675675675676,2.457777777777778,30.0
564,153.91391391391392,25.945945945945944,2.947917917917918,2.4866066066066064,30.0
565,133.68368368368368,27.65765765765766,1.9251751751751751,3.01993993993994,30.0
566,133.0810810810811,24.45045045045045,1.4277577577577576,2.010930930930931,30.0
567,144.44444444444446,14.882882882882882,3.008658658658659,0.8697897897897898,30.0
568,128.08808808808809,16.1981981981982,1.692062062062062,2.3857057057057056,30.0
569,126.71071071071071,17.513513513513512,2.1024724724724724,2.9094294294294296,30.0
570,79.27727727727728,26.27027027027027,2.1254554554554552,1.5857057057057058,20.0
571,80.31031031031031,12.342342342342342,1.4556656656656655,1.395915915915916,30.0
572,101.05705705705705,17.38738738738739,2.9068768768768765,2.1694894894894894,30.0
573,76.09209209209209,21.53153153153153,2.100830830830831,1.3454654654654656,20.0
574,120.68468468468468,24.666666666666664,2.1123223223223224,2.440960960960961,30.0
575,149.52352352352352,15.405405405405405,2.4636336336336333,1.917237237237237,30.0
576,133.76976976976977,29.92792792792793,2.1435135135135135,2.496216216216216,30.0
577,78.50250250250251,27.71171171171171,2.2255955955955953,1.4007207207207206,20.0
578,98.38838838838839,29.56756756756757,2.814944944944945,1.2854054054054054,20.0
579,122.4064064064064,28.36036036036036,2.352002002002002,1.4535735735735735,30.0
580,131.53153153153153,27.513513513513516,2.9544844844844844,0.7280480480480481,30.0
581,85.73373373373374,19.38738738738739,2.0088988988988987,0.9778978978978979,30.0
582,145.82182182182183,25.063063063063062,1.518048048048048,2.501021021021021,30.0
583,79.44944944944945,15.117117117117118,2.933143143143143,2.2223423423423423,30.0
584,118.1021021021021,20.1981981981982,2.5375075075075073,2.8277477477477477,30.0
585,84.44244244244244,14.594594594594595,1.8119019019019018,1.0283483483483484,30.0
586,117.41341341341342,22.61261261261261,2.695105105105105,3.0031231231231232,30.0
587,90.89889889889889,29.63963963963964,2.80017017017017,2.8565765765765767,20.0
588,76.17817817817817,22.91891891891892,2.2108208208208207,2.3664864864864863,20.0
589,152.53653653653654,14.522522522522522,1.5837137137137136,1.3622822822822824,30.0
590,141.34534534534535,25.92792792792793,2.534224224224224,1.5905105105105104,30.0
591,139.70970970970973,29.207207207207208,1.5295395395395395,1.5496696696696697,30.0
592,94.68668668668668,14.9009009009009,1.472082082082082,2.263183183183183,30.0
593,71.52952952952953,12.144144144144144,2.6983883883883886,2.2703903903903906,30.0
594,141.6036036036036,26.972972972972975,2.723013013013013,0.9923123123123123,30.0
595,96.66666666666667,13.045045045045045,1.958008008008008,2.7172372372372373,30.0
596,117.24124124124124,20.09009009009009,2.7706206206206208,1.7562762762762762,30.0
597,104.07007007007007,15.063063063063062,1.5787887887887888,1.5616816816816816,30.0
598,89.17717717717719,12.126126126126126,2.782112112112112,2.0013213213213215,30.0
599,102.6066066066066,21.65765765765766,1.9465165165165164,1.628948948948949,30.0
600,111.04304304304304,18.36036036036036,1.4096996996996995,2.878198198198198,30.0
601,137.987987987988,28.28828828828829,1.6559459459459458,2.320840840840841,30.0
602,128.26026026026025,19.2972972972973,2.8313613613613615,1.467987987987988,30.0
603,129.37937937937937,15.387387387387388,2.764054054054054,2.359279279279279,30.0
604,148.31831831831832,28.10810810810811,1.394924924924925,2.1526726726726726,30.0
605,127.74374374374375,20.666666666666664,2.3733433433433433,2.3304504504504506,30.0
606,131.01501501501502,13.153153153153154,2.3158858858858857,2.6571771771771773,30.0
607,73.68168168168168,16.28828828828829,1.5869969969969968,1.7923123123123124,30.0
608,118.61861861861863,14.072072072072071,1.5525225225225223,1.5424624624624625,30.0
609,68.34434434434435,15.08108108108108,2.048298298298298,0.9226426426426426,20.0
610,98.73273273273273,23.855855855855857,1.989199199199199,2.1574774774774776,30.0
611,102.52052052052052,12.45045045045045,1.4179079079079078,2.7292492492492495,30.0
612,87.88588588588588,25.36936936936937,1.9678578578578576,1.4247447447447448,20.0
613,104.75875875875876,12.558558558558559,1.9793493493493493,3.043963963963964,30.0
614,137.9019019019019,26.43243243243243,2.089339339339339,1.0307507507507507,30.0
615,136.18018018018017,26.666666666666664,2.4045345345345344,0.828948948948949,30.0
616,91.93193193193193,13.495495495495495,1.7396696696696696,1.6625825825825826,30.0
617,138.59059059059058,13.981981981981981,2.1993293293293292,2.64996996996997,30.0
618,110.01001001001,28.09009009009009,1.6428128128128128,1.347867867867868,30.0
619,121.02902902902903,18.666666666666668,2.447217217217217,1.3430630630630631,30.0
620,109.14914914914915,19.65765765765766,2.732862862862863,1.455975975975976,30.0
621,144.1861861861862,19.405405405405403,1.595205205205205,1.5568768768768768,30.0
622,131.87587587587586,12.504504504504505,2.57034034034034,2.027747747747748,30.0
623,125.93593593593593,22.1981981981982,1.6165465465465465,1.1652852852852853,30.0
624,84.27027027027027,19.45945945945946,2.677047047047047,1.9004204204204203,20.0
625,130.06806806806807,21.26126126126126,2.652422422422422,0.8433633633633634,30.0
626,135.31931931931933,14.73873873873874,1.990840840840841,1.6697897897897898,30.0
627,122.57857857857857,27.89189189189189,1.5558058058058057,2.9214414414414414,30.0
628,81.25725725725727,18.99099099099099,1.8611511511511512,2.988708708708709,20.0
629,92.96496496496496,19.83783783783784,2.9265765765765765,3.051171171171171,20.0
630,143.4974974974975,17.17117117117117,1.4146246246246246,0.9658858858858859,30.0
631,141.25925925925927,21.153153153153156,2.8576276276276276,2.834954954954955,30.0
632,77.03903903903904,14.018018018018019,2.59988988988989,1.1508708708708708,30.0
633,83.32332332332332,22.882882882882882,2.8034534534534536,2.991111111111111,20.0
634,85.21721721721721,15.225225225225225,1.9744244244244245,1.998918918918919,30.0
635,78.93293293293293,20.99099099099099,1.462232232232232,2.513033033033033,20.0
636,82.54854854854855,15.783783783783784,2.9249349349349347,1.2902102102102102,30.0
637,147.62962962962962,26.45045045045045,2.6080980980980977,1.861981981981982,30.0
638,82.72072072072072,23.35135135135135,2.0466566566566566,1.122042042042042,20.0
639,93.82582582582583,13.117117117117116,1.9760660660660658,1.2517717717717718,30.0
640,135.23323323323325,12.252252252252251,2.163213213213213,0.9803003003003004,30.0
641,92.01801801801801,18.10810810810811,2.414384384384384,1.5376576576576577,30.0
642,103.29529529529529,23.08108108108108,2.5063163163163162,1.0763963963963965,30.0
643,98.30230230230231,13.693693693693694,1.9645745745745744,2.203123123123123,30.0
644,116.20820820820822,13.675675675675675,1.8496596596596595,1.0860060060060062,30.0
645,144.01401401401404,14.216216216216216,2.704954954954955,1.7634834834834834,30.0
646,71.18518518518519,23.603603603603602,3.03,2.77009009009009,20.0
647,138.24624624624624,28.1981981981982,2.7262962962962964,1.8763963963963963,30.0
648,83.15115115115115,25.00900900900901,2.4587087087087083,2.3064264264264263,20.0
649,106.996996996997,27.8018018018018,3.02015015015015,1.4127327327327328,20.0
650,108.8048048048048,25.567567567567565,1.4523823823823823,2.207927927927928,30.0
651,90.81281281281281,17.153153153153152,2.975825825825826,1.7058258258258259,30.0
652,73.33733733733733,18.16216216216216,2.662272272272272,1.804324324324324,20.0
653,99.50750750750751,14.972972972972972,1.6756456456456457,3.0055255255255258,30.0
654,141.94794794794797,13.333333333333334,2.214104104104104,1.914834834834835,30.0
655,111.90390390390391,23.567567567567565,2.663913913913914,2.681201201201201,30.0
656,125.16116116116116,17.675675675675677,2.113963963963964,1.11003003003003,30.0
657,123.86986986986987,29.945945945945947,2.054864864864865,1.0547747747747749,30.0
658,104.24224224224224,19.54954954954955,1.641171171171171,2.577897897897898,30.0
659,150.55655655655656,26.792792792792792,2.1057557557557556,2.5394594594594593,30.0
660,127.31331331331332,18.756756756756758,1.4162662662662662,2.260780780780781,30.0
661,87.36936936936937,19.063063063063062,1.614904904904905,0.9730930930930931,30.0
662,119.90990990990991,25.83783783783784,2.8806106106106104,1.275795795795796,30.0
663,95.54754754754755,19.56756756756757,2.388118118118118,2.179099099099099,30.0
664,105.10310310310311,21.45945945945946,2.123813813813814,2.1935135135135133,30.0
665,130.4984984984985,12.9009009009009,2.6803303303303303,2.5298498498498496,30.0
666,106.56656656656656,22.504504504504503,2.127097097097097,2.976696696696697,30.0
667,103.63963963963964,21.387387387387385,2.1336636636636634,1.7875075075075073,30.0
668,145.3053053053053,15.873873873873874,2.8838938938938936,0.9178378378378379,30.0
669,105.61961961961961,25.963963963963963,2.465275275275275,2.436156156156156,20.0
670,125.33333333333334,25.315315315315317,1.8365265265265265,2.669189189189189,30.0
671,98.47447447447448,26.64864864864865,2.2666366366366364,0.68,20.0
672,84.95895895895896,14.0,2.366776776776777,1.1124324324324324,30.0
673,101.31531531531532,15.441441441441441,2.4308008008008004,3.0415615615615614,30.0
674,115.94994994994995,19.90990990990991,1.4737237237237237,0.6896096096096097,30.0
675,100.1961961961962,26.91891891891892,2.5178078078078077,2.9286486486486485,20.0
676,85.64764764764764,22.594594594594597,1.769219219219219,0.8842042042042042,20.0
677,104.67267267267268,25.135135135135137,2.03024024024024,1.0571771771771772,30.0
678,142.2922922922923,20.28828828828829,1.4540240240240239,1.8691891891891892,30.0
679,146.51051051051053,15.72972972972973,2.639289289289289,1.3790990990990992,30.0
680,143.23923923923923,24.234234234234236,2.9840340340340337,1.0884084084084085,30.0
681,148.4904904904905,14.81081081081081,1.5919219219219218,0.7304504504504505,30.0
682,96.58058058058057,25.63963963963964,2.5457157157157155,1.114834834834835,20.0
683,70.32432432432432,24.1981981981982,1.8430930930930929,2.8733933933933935,10.0
684,103.81181181181182,29.783783783783782,1.6050550550550549,1.1460660660660662,20.0
685,128.34634634634637,24.25225225225225,2.9512012012012008,2.553873873873874,30.0
686,111.3013013013013,28.07207207207207,1.902192192192192,0.7232432432432433,20.0
687,121.2012012012012,21.333333333333336,1.8644344344344344,2.352072072072072,30.0
688,150.72872872872873,22.72072072072072,2.2469369369369367,1.6385585585585587,30.0
689,145.9079079079079,18.73873873873874,1.9629329329329328,0.9298498498498499,30.0
690,110.09609609609609,28.846846846846848,1.884134134134134,2.328048048048048,20.0
691,91.58758758758759,12.73873873873874,2.0056156156156155,1.3142342342342341,30.0
692,129.7237237237237,13.08108108108108,1.4655155155155155,2.2872072072072074,30.0
693,93.56756756756756,24.10810810810811,1.756086086086086,1.182102102102102,20.0
694,112.24824824824825,21.315315315315317,2.1845545545545546,0.9250450450450451,30.0
695,141.08708708708707,18.55855855855856,2.1664964964964963,2.4241441441441443,30.0
696,123.35335335335336,13.36936936936937,2.3208108108108108,2.983903903903904,30.0
697,77.8998998998999,27.225225225225223,1.6723623623623622,2.383303303303303,10.0
698,72.21821821821821,28.9009009009009,1.6986286286286285,0.8745945945945947,10.0
699,131.35935935935936,20.01801801801802,1.948158158158158,1.5664864864864865,30.0
700,123.69769769769769,29.83783783783784,2.8510610610610607,1.8715915915915917,20.0
701,149.00700700700702,12.594594594594595,1.6198298298298297,1.974894894894895,30.0
702,95.03103103103103,28.7027027027027,1.9301001001001001,1.797117117117117,20.0
703,86.68068068068068,19.225225225225223,2.5506406406406406,2.3712912912912913,20.0
704,78.76076076076076,26.1981981981982,2.076206206206206,2.0445645645645647,20.0
705,113.88388388388388,28.18018018018018,3.0119419419419415,1.073993993993994,20.0
706,149.43743743743744,27.98198198198198,2.0712812812812813,1.355075075075075,30.0
707,126.88288288288288,14.126126126126126,1.8759259259259258,1.4295495495495496,30.0
708,141.7757757757758,23.675675675675677,1.8562262262262261,0.7400600600600601,30.0
709,70.92692692692692,25.98198198198198,2.1156056056056056,1.6673873873873872,10.0
710,111.47347347347348,17.045045045045043,1.879209209209209,2.066186186186186,30.0
711,97.26926926926927,22.16216216216216,1.5065565565565564,2.164684684684685,30.0
712,89.77977977977977,22.63063063063063,1.39,1.5712912912912913,30.0
713,103.2092092092092,23.81981981981982,2.466916916916917,1.0595795795795797,30.0
714,97.61361361361361,19.35135135135135,2.3257357357357358,2.1598798798798797,30.0
715,143.15315315315314,16.846846846846848,1.7823523523523521,2.810930930930931,30.0
716,146.16616616616616,25.495495495495497,2.181271271271271,1.1772972972972973,30.0
717,82.63463463463464,20.61261261261261,1.9596496496496494,0.901021021021021,20.0
718,102.6926926926927,13.90990990990991,2.117247247247247,2.541861861861862,30.0
719,131.6176176176176,27.567567567567565,1.6346046046046045,2.304024024024024,30.0
720,114.31431431431432,27.153153153153156,1.6477377377377376,1.938858858858859,30.0
721,103.03703703703704,18.126126126126124,2.4455755755755755,1.3766966966966967,30.0
722,138.67667667667666,28.82882882882883,2.3306606606606604,2.380900900900901,30.0
723,91.67367367367368,15.153153153153152,2.658988988988989,1.8067267267267266,30.0
724,151.5035035035035,21.243243243243242,2.2387287287287285,2.637957957957958,30.0
725,141.17317317317315,24.972972972972975,2.8871771771771773,0.9082282282282282,30.0
726,69.89389389389389,27.72972972972973,1.4228328328328328,2.606726726726727,10.0
727,149.6956956956957,24.396396396396398,2.9315015015015016,2.40012012012012,30.0
728,94.25625625625625,24.054054054054056,1.5377477477477477,1.4367567567567567,20.0
729,119.65165165165166,12.972972972972974,2.347077077077077,1.1532732732732733,30.0
730,87.1971971971972,20.234234234234236,2.644214214214214,2.5658858858858857,20.0
731,114.48648648648648,18.01801801801802,2.6754054054054053,3.055975975975976,30.0
732,139.7957957957958,16.666666666666668,2.7656956956956957,1.3887087087087089,30.0
733,113.53953953953953,28.43243243243243,1.9186086086086085,1.2373573573573573,30.0
734,117.4994994994995,27.62162162162162,2.4751251251251247,1.4944144144144145,30.0
735,94.51451451451452,22.10810810810811,1.999049049049049,1.7010210210210208,30.0
736,107.08308308308308,22.37837837837838,1.7774274274274273,1.2781981981981982,30.0
737,132.56456456456456,20.7027027027027,2.5555655655655656,1.0643843843843843,30.0
738,152.88088088088088,27.063063063063062,1.477007007007007,0.7184384384384385,30.0
739,112.93693693693695,24.936936936936938,2.837927927927928,2.875795795795796,30.0
740,78.58858858858859,28.216216216216218,2.6836136136136135,1.8451651651651653,20.0
741,127.22722722722723,17.027027027027028,1.4343243243243242,2.758078078078078,30.0
742,83.58158158158159,24.91891891891892,2.626156156156156,3.0583783783783782,20.0
743,122.83683683683684,13.783783783783784,2.1714214214214214,0.9706906906906907,30.0
744,83.49549549549549,28.0,2.5145245245245245,2.1742942942942944,20.0
745,140.57057057057057,13.603603603603604,2.714804804804805,2.8661861861861864,30.0
746,120.77077077077078,17.45945945945946,2.498108108108108,0.6848048048048049,30.0
747,136.6966966966967,16.306306306306304,1.4605905905905905,2.6235435435435437,30.0
748,113.36736736736736,16.55855855855856,1.545955955955956,2.051771771771772,30.0
749,123.0950950950951,26.55855855855856,1.7166866866866866,2.601921921921922,30.0
750,100.7987987987988,27.35135135135135,2.2026126126126124,1.1292492492492494,20.0
751,141.43143143143143,29.963963963963963,2.493183183183183,2.892612612612613,30.0
752,87.97197197197197,14.936936936936936,2.253503503503503,2.1166366366366365,30.0
753,86.50850850850851,14.666666666666666,2.4866166166166166,0.7592792792792793,30.0
754,139.1931931931932,23.17117117117117,2.7558458458458457,2.037357357357357,30.0
755,76.35035035035035,14.504504504504505,2.2715615615615614,1.8932132132132131,30.0
756,106.48048048048048,15.26126126126126,1.5196896896896896,1.8595795795795795,30.0
757,90.64064064064064,27.63963963963964,1.8135435435435434,2.0397597597597596,20.0
758,135.74974974974975,15.423423423423424,2.2797697697697696,1.6553753753753755,30.0
759,115.26126126126127,18.936936936936938,2.5095995995995994,1.2133333333333334,30.0
760,118.7907907907908,25.747747747747745,2.544074074074074,1.6914114114114116,30.0
761,107.77177177177177,16.99099099099099,2.2699199199199196,2.9262462462462464,30.0
762,80.05205205205205,23.063063063063062,2.063073073073073,0.8721921921921922,20.0
763,80.65465465465465,21.045045045045043,2.519449449449449,0.9202402402402403,20.0
764,122.66466466466466,27.747747747747745,2.91016016016016,2.2295495495495494,30.0
765,150.47047047047047,17.117117117117118,2.26007007007007,2.1046246246246247,30.0
766,147.7157157157157,16.0,2.319169169169169,0.8097297297297298,30.0
767,106.30830830830831,28.45045045045045,2.026956956956957,1.234954954954955,20.0
768,87.71371371371372,28.91891891891892,2.3405105105105104,1.448768768768769,20.0
769,91.84584584584584,18.7027027027027,1.889059059059059,2.0685885885885886,30.0
770,79.10510510510511,25.153153153153156,2.974184184184184,3.036756756756757,20.0
771,150.81481481481484,22.306306306306304,2.5161661661661663,2.8685885885885885,30.0
772,147.28528528528528,28.234234234234233,1.6953453453453453,0.840960960960961,30.0
773,142.55055055055055,16.972972972972972,1.4014914914914913,1.7586786786786788,30.0
774,147.45745745745745,16.396396396396398,2.0975475475475474,1.6986186186186187,30.0
775,106.73873873873873,17.89189189189189,2.283053053053053,2.489009009009009,30.0
776,124.81681681681681,13.531531531531531,1.431041041041041,2.042162162162162,30.0
777,80.22422422422423,17.83783783783784,2.70003003003003,2.750870870870871,20.0
778,101.57357357357358,25.693693693693696,2.529299299299299,1.9796996996996996,20.0
779,101.14314314314313,28.306306306306308,1.7954854854854854,1.2709909909909909,20.0
780,104.5005005005005,27.83783783783784,1.544314314314314,2.3544744744744746,20.0
781,145.2192192192192,21.945945945945944,2.877327327327327,1.3406606606606606,30.0
782,92.1901901901902,26.864864864864863,1.8168268268268268,2.0733933933933932,20.0
783,112.07607607607608,19.495495495495497,1.871001001001001,3.0607807807807808,30.0
784,139.36536536536536,26.99099099099099,2.196046046046046,2.013333333333333,30.0
785,109.4934934934935,25.08108108108108,2.5604904904904906,2.585105105105105,30.0
786,109.06306306306305,17.8018018018018,2.1467967967967967,1.9316516516516518,30.0
787,129.46546546546546,12.954954954954955,1.8874174174174172,1.0787987987987988,30.0
788,83.83983983983984,19.0990990990991,1.8348848848848847,0.8025225225225225,30.0
789,68.86086086086087,28.46846846846847,1.7314614614614614,1.9652852852852853,10.0
790,78.07207207207207,29.585585585585587,2.7509209209209207,1.186906906906907,20.0
791,72.30430430430431,16.52252252252252,2.731221221221221,2.7917117117117116,20.0
792,136.6106106106106,27.207207207207205,2.022032032032032,2.419339339339339,30.0
793,142.12012012012013,25.225225225225223,1.7429529529529528,2.5995195195195193,30.0
794,93.13713713713713,27.08108108108108,2.2732032032032032,0.6824024024024025,20.0
795,121.8898898898899,24.144144144144143,2.828078078078078,1.009129129129129,30.0
796,149.1791791791792,20.846846846846844,1.7708608608608607,1.833153153153153,30.0
797,115.69169169169169,16.036036036036037,2.6786886886886885,1.1244444444444444,30.0
798,74.11211211211211,24.07207207207207,2.636006006006006,2.3929129129129127,20.0
799,148.06006006006007,13.837837837837839,1.5344644644644643,1.1845045045045044,30.0
800,85.81981981981983,15.297297297297298,2.4406506506506505,2.006126126126126,30.0
801,78.33033033033033,23.315315315315317,2.301111111111111,1.516036036036036,20.0
802,109.92392392392392,19.27927927927928,2.7213713713713714,1.0667867867867868,30.0
803,128.17417417417417,17.135135135135137,2.0285985985985984,2.0757957957957958,30.0
804,128.6906906906907,25.27927927927928,1.7232532532532532,1.1893093093093094,30.0
805,70.15215215215215,22.954954954954957,2.25022022022022,2.9166366366366367,20.0
806,117.75775775775776,24.09009009009009,1.628038038038038,0.9442642642642642,30.0
807,74.71471471471472,14.288288288288289,2.0105405405405405,1.777897897897898,30.0
808,83.23723723723724,16.864864864864863,2.9183683683683683,0.9634834834834836,20.0
809,137.4714714714715,18.036036036036037,2.015465465465465,2.8902102102102103,30.0
810,95.2032032032032,23.71171171171171,2.4685585585585583,2.7364564564564566,20.0
811,130.32632632632632,15.621621621621621,2.9906006006006005,2.3616816816816817,30.0
812,92.53453453453454,17.74774774774775,1.3982082082082081,0.816936936936937,30.0
813,70.49649649649649,27.963963963963963,2.823153153153153,2.4265465465465463,20.0
814,80.91291291291292,19.207207207207208,2.4505005005005005,2.308828828828829,20.0
815,98.990990990991,29.98198198198198,2.5933233233233235,1.3334534534534535,20.0
816,72.64864864864865,25.71171171171171,2.5785485485485484,2.3112312312312313,20.0
817,76.95295295295296,22.43243243243243,1.797127127127127,2.666786786786787,20.0
818,69.72172172172172,15.981981981981981,2.4324424424424422,1.60012012012012,20.0
819,110.35435435435436,13.855855855855856,2.6425725725725724,0.6968168168168168,30.0
820,103.55355355355356,27.90990990990991,2.7755455455455453,0.9875075075075075,20.0
821,141.86186186186188,29.90990990990991,1.393283283283283,1.588108108108108,30.0
822,119.3933933933934,26.144144144144143,1.646096096096096,1.825945945945946,30.0
823,82.29029029029029,16.954954954954957,1.9694994994994994,1.6745945945945946,30.0
824,141.6896896896897,22.846846846846844,1.8102602602602602,2.4457657657657657,30.0
825,128.77677677677679,14.09009009009009,2.1779879879879878,2.368888888888889,30.0
826,133.16716716716718,21.83783783783784,3.015225225225225,1.174894894894895,30.0
827,97.69969969969969,14.108108108108109,1.851301301301301,1.9965165165165164,30.0
828,69.37737737737737,21.98198198198198,2.04993993993994,2.9022222222222225,20.0
829,119.82382382382383,28.504504504504503,2.567057057057057,1.2109309309309308,30.0
830,79.96596596596596,15.17117117117117,2.672122122122122,1.7803003003003002,30.0
831,95.63363363363364,14.612612612612612,2.742712712712713,0.7664864864864865,30.0
832,129.55155155155154,22.054054054054056,2.457067067067067,2.107027027027027,30.0
833,99.42142142142143,20.0,2.0876976976976978,2.2968168168168166,30.0
834,109.75175175175175,26.36036036036036,2.182912912912913,1.6337537537537536,30.0
835,77.81381381381381,22.756756756756758,1.9563663663663662,1.3382582582582583,20.0
836,89.6076076076076,21.72972972972973,2.3799099099099097,0.7905105105105106,20.0
837,136.26626626626626,26.756756756756758,1.5853553553553552,1.2205405405405405,30.0
838,145.39139139139138,25.873873873873876,2.539149149149149,2.4313513513513514,30.0
839,127.14114114114113,18.82882882882883,2.1418718718718717,2.645165165165165,30.0
840,137.2132132132132,17.47747747747748,1.994124124124124,1.3262462462462463,30.0
841,80.48248248248248,23.225225225225223,2.6688388388388384,3.072792792792793,20.0
842,82.46246246246247,22.9009009009009,2.233803803803804,2.323243243243243,20.0
843,150.90090090090092,24.504504504504503,2.7197297297297296,0.6992192192192193,30.0
844,116.12212212212212,14.396396396396396,2.232162162162162,0.9827027027027027,30.0
845,83.4094094094094,18.414414414414416,1.9497997997997998,1.391111111111111,30.0
846,131.1011011011011,18.81081081081081,2.5686986986986984,0.7760960960960961,30.0
847,154.0,25.0990990990991,1.71012012012012,2.1454654654654655,30.0
848,112.50650650650651,21.8018018018018,2.173063063063063,1.4775975975975975,30.0
849,119.04904904904905,13.945945945945946,2.768978978978979,2.9502702702702703,30.0
850,97.52752752752752,18.63063063063063,2.1894794794794796,2.7845045045045045,30.0
851,81.42942942942943,26.036036036036037,2.2124624624624625,2.6836036036036037,20.0
852,110.87087087087087,29.0990990990991,1.8726426426426426,2.6355555555555554,20.0
853,97.87187187187187,14.468468468468469,1.6395295295295294,0.8914114114114114,30.0
854,144.7887887887888,24.414414414414416,2.2764864864864864,1.3935135135135135,30.0
855,140.74274274274273,17.603603603603602,1.6526626626626626,2.464984984984985,30.0
856,136.7827827827828,14.198198198198199,1.4868568568568568,1.3646846846846847,30.0
857,106.13613613613614,14.72072072072072,2.632722722722723,3.027147147147147,30.0
858,79.36336336336336,20.756756756756758,2.526016016016016,1.3166366366366367,20.0
859,114.57257257257257,18.954954954954957,1.4211911911911912,2.803723723723724,30.0
860,118.87687687687688,23.135135135135137,1.6625125125125124,2.1238438438438436,30.0
861,126.36636636636638,27.17117117117117,2.2420120120120117,0.7376576576576577,30.0
862,103.8978978978979,17.72972972972973,1.5738638638638638,2.7244444444444444,30.0
863,75.48948948948949,24.684684684684683,1.9777077077077077,0.9490690690690691,20.0
864,119.30730730730731,14.486486486486486,1.5164064064064062,0.8938138138138139,30.0
865,129.2072072072072,19.153153153153152,1.916966966966967,3.0775975975975975,30.0
866,99.16316316316316,27.027027027027025,1.7905605605605603,2.0253453453453454,20.0
867,74.54254254254255,24.9009009009009,2.3043943943943943,1.8091291291291292,20.0
868,97.35535535535536,16.234234234234236,2.548998998998999,2.0157357357357357,30.0
869,71.78778778778779,22.55855855855856,2.4734834834834833,2.8974174174174174,20.0
870,91.50150150150151,23.045045045045043,1.5541641641641641,2.7772972972972974,20.0
871,129.981981981982,24.72072072072072,1.7380280280280278,1.1316516516516517,30.0
872,78.15815815815816,15.0990990990991,1.8693593593593594,1.0956156156156156,30.0
873,127.91591591591592,19.63963963963964,2.81002002002002,2.923843843843844,30.0
874,152.19219219219218,25.18918918918919,1.8742842842842842,1.0908108108108108,30.0
875,77.98598598598599,24.54054054054054,2.757487487487487,1.2493693693693695,20.0
876,94.94494494494495,26.01801801801802,1.7035535535535535,2.0926126126126126,20.0
877,133.85585585585585,15.801801801801801,2.9495595595595594,2.4601801801801804,30.0
878,71.27127127127127,25.783783783783782,1.5426726726726725,2.6860060060060063,10.0
879,130.4124124124124,12.234234234234235,2.186196196196196,0.9682882882882884,30.0
880,71.01301301301301,20.45045045045045,1.6740040040040038,2.195915915915916,20.0
881,85.90590590590591,29.153153153153152,1.9924824824824823,2.3472672672672674,20.0
882,91.24324324324324,14.36036036036036,1.7856356356356355,2.832552552552553,30.0
883,68.08608608608608,16.64864864864865,2.12053053053053,2.4073273273273275,20.0
884,134.54454454454455,25.65765765765766,2.8346446446446443,1.717837837837838,30.0
885,69.8078078078078,12.27027027027027,2.3717017017017015,2.5754954954954954,30.0
886,117.06906906906907,25.89189189189189,2.2305205205205203,2.5875075075075076,30.0
887,140.9149149149149,25.243243243243242,2.095905905905906,0.804924924924925,30.0
888,133.51151151151151,13.027027027027026,1.8266766766766764,1.765885885885886,30.0
889,124.38638638638639,20.216216216216218,2.8559859859859857,2.143063063063063,30.0
890,134.974974974975,14.82882882882883,2.3175275275275276,2.7316516516516516,30.0
891,108.03003003003003,14.91891891891892,2.552282282282282,1.1412612612612612,30.0
892,146.5965965965966,17.27927927927928,2.132022022022022,1.6361561561561562,30.0
893,104.32832832832833,15.00900900900901,1.4687987987987987,1.41993993993994,30.0
894,120.5985985985986,21.63963963963964,2.4488588588588587,1.3742942942942942,30.0
895,136.35235235235234,23.00900900900901,2.805095095095095,2.525045045045045,30.0
896,101.65965965965967,15.54954954954955,1.9727827827827826,1.8523723723723724,30.0
897,73.85385385385385,16.9009009009009,2.356926926926927,2.472192192192192,20.0
898,126.1941941941942,16.81081081081081,2.7739039039039035,2.2415615615615616,30.0
899,72.3903903903904,24.46846846846847,2.094264264264264,1.9845045045045047,20.0
900,103.38138138138137,17.81981981981982,2.833003003003003,2.6715915915915915,30.0
901,84.78678678678679,29.35135135135135,2.6163063063063063,1.8427627627627627,20.0
902,105.44744744744744,27.945945945945944,2.915085085085085,0.8457657657657658,20.0
903,106.65265265265265,25.35135135135135,2.3749849849849847,1.8956156156156156,30.0
904,107.25525525525526,12.432432432432432,2.5736236236236234,1.2397597597597598,30.0
905,82.03203203203203,15.63963963963964,2.397967967967968,1.6481681681681681,30.0
906,137.55755755755757,23.873873873873876,3.0267167167167166,2.224744744744745,30.0
907,140.14014014014015,29.65765765765766,1.971141141141141,2.4673873873873875,30.0
908,151.41741741741743,15.855855855855856,2.6474974974974974,1.7851051051051052,30.0
909,121.28728728728728,24.63063063063063,2.256786786786787,0.6944144144144144,30.0
910,101.91791791791792,26.10810810810811,2.603173173173173,1.9364564564564564,20.0
911,96.92492492492492,28.55855855855856,1.6575875875875874,1.9340540540540538,20.0
912,101.4874874874875,28.27027027027027,2.6704804804804803,1.8836036036036035,20.0
913,68.68868868868869,22.52252252252252,1.9612912912912912,1.6577777777777778,10.0
914,94.6006006006006,23.387387387387385,2.727937937937938,2.476996996996997,20.0
915,68.17217217217217,24.036036036036037,2.148438438438438,2.2127327327327326,10.0
916,114.4004004004004,20.576576576576578,1.7741441441441441,1.2974174174174173,30.0
917,140.3983983983984,12.468468468468469,1.7675775775775775,2.9742942942942943,30.0
918,136.0940940940941,27.47747747747748,2.36021021021021,0.9034234234234235,30.0
919,124.21421421421422,15.657657657657658,1.9957657657657657,2.6259459459459458,30.0
920,119.56556556556558,24.576576576576578,1.5755055055055054,2.3376576576576578,30.0
921,83.06506506506507,17.35135135135135,2.7542042042042043,2.71003003003003,20.0
922,113.96996996996998,27.00900900900901,2.0335235235235234,3.067987987987988,30.0
923,137.29929929929932,12.702702702702704,2.629439439439439,1.9676876876876879,30.0
924,121.11511511511512,29.36936936936937,2.862552552552552,2.28,20.0
925,75.05905905905905,13.35135135135135,2.1106806806806806,2.131051051051051,30.0
926,95.28928928928929,22.54054054054054,1.7593693693693693,2.698018018018018,30.0
927,143.5835835835836,25.603603603603602,1.5492392392392391,2.6283483483483483,30.0
928,109.66566566566567,22.234234234234236,1.7134034034034034,0.7520720720720722,30.0
929,104.58658658658658,19.513513513513512,2.772262262262262,0.8361561561561562,30.0
930,73.16516516516516,19.963963963963963,2.306036036036036,1.7154354354354355,20.0
931,147.88788788788787,19.585585585585584,2.9577677677677676,2.537057057057057,30.0
932,130.15415415415416,17.963963963963963,1.4573073073073073,1.6097297297297297,30.0
933,87.28328328328328,24.55855855855856,2.1369469469469466,3.0463663663663665,20.0
934,96.23623623623624,25.423423423423422,2.4537837837837837,1.6793993993993994,20.0
935,108.63263263263264,23.495495495495497,1.9448748748748748,1.773093093093093,30.0
936,126.53853853853855,28.684684684684683,2.2157457457457457,0.8986186186186187,30.0
937,110.52652652652654,21.62162162162162,2.9298598598598597,2.0781981981981983,30.0
938,99.93793793793793,13.18918918918919,1.4047747747747747,1.3839039039039038,30.0
939,78.84684684684684,25.405405405405403,2.8986686686686687,0.7136336336336336,20.0
940,86.5945945945946,21.2972972972973,2.9823923923923923,2.5034234234234236,20.0
941,73.07907907907908,23.98198198198198,1.9317417417417415,1.7754954954954956,20.0
942,83.92592592592592,14.342342342342342,2.496466466466466,1.4655855855855857,30.0
943,69.29129129129129,12.936936936936936,2.5276576576576577,0.7112312312312313,30.0
944,135.66366366366367,19.47747747747748,2.099189189189189,2.1983183183183184,30.0
945,138.84884884884883,15.891891891891891,1.7117617617617618,2.0854054054054054,30.0
946,89.34934934934935,23.45945945945946,2.025315315315315,1.102822822822823,20.0
947,81.51551551551552,13.17117117117117,2.634364364364364,0.98990990990991,30.0
948,126.62462462462463,18.0,1.5049149149149148,2.8878078078078078,30.0
949,126.28028028028028,15.747747747747749,2.1648548548548545,1.4319519519519521,30.0
950,100.97097097097097,26.28828828828829,2.045015015015015,0.8193393393393393,20.0
951,99.07707707707708,23.65765765765766,2.491541541541541,1.0235435435435436,20.0
952,131.1871871871872,12.396396396396396,1.7872772772772771,0.8866066066066066,30.0
953,86.93893893893895,13.063063063063064,2.3634934934934932,2.6787987987987987,30.0
954,145.13313313313313,23.405405405405403,2.361851851851852,1.977297297297297,30.0
955,88.57457457457457,26.414414414414416,2.5834734734734734,1.5592792792792793,20.0
956,74.1981981981982,17.405405405405403,1.3916416416416415,2.676396396396396,30.0
957,84.52852852852853,14.234234234234235,1.6707207207207206,2.8301501501501503,30.0
958,69.63563563563564,20.144144144144143,2.0515815815815817,0.9274474474474474,20.0
959,101.83183183183183,20.864864864864863,1.92025025025025,1.9124324324324324,30.0
960,146.33833833833836,18.72072072072072,1.8595095095095093,1.4343543543543542,30.0
961,149.95395395395394,20.054054054054056,2.9397097097097094,2.344864864864865,30.0
962,109.40740740740742,28.972972972972972,2.5883983983983985,2.6523723723723722,20.0
963,130.5845845845846,18.18018018018018,2.9364264264264266,1.5736936936936936,30.0
964,76.69469469469469,22.81081081081081,2.15992992992993,2.231951951951952,20.0
965,100.71271271271272,17.65765765765766,1.7002702702702701,0.7833033033033033,30.0
966,125.50550550550551,29.333333333333332,1.6608708708708708,1.8884084084084085,30.0
967,134.02802802802802,26.882882882882882,2.90031031031031,1.4631831831831832,30.0
968,107.34134134134135,22.73873873873874,1.4983483483483482,2.947867867867868,30.0
969,143.06706706706706,16.18018018018018,1.8578678678678677,2.8445645645645645,30.0
970,86.33633633633633,19.53153153153153,2.8297197197197197,2.255975975975976,20.0
971,81.08508508508508,18.216216216216218,2.128738738738739,1.025945945945946,20.0
972,130.84284284284286,24.28828828828829,2.0400900900900902,1.6721921921921923,30.0
973,112.42042042042041,12.91891891891892,2.168138138138138,2.532252252252252,30.0
974,70.06606606606607,22.036036036036037,2.571981981981982,1.6073273273273272,20.0
975,71.61561561561561,29.873873873873872,2.035165165165165,2.4986186186186186,10.0
976,96.06406406406407,14.162162162162161,2.2436536536536535,1.9580780780780782,30.0
977,147.54354354354354,18.45045045045045,2.7788288288288285,0.9466666666666668,30.0
978,150.1261261261261,25.333333333333336,2.4800500500500497,2.765285285285285,30.0
979,111.81781781781783,25.54954954954955,2.452142142142142,2.7076276276276277,30.0
980,75.14514514514515,26.25225225225225,1.613263263263263,0.7424624624624625,10.0
981,113.10910910910911,15.45945945945946,1.9415915915915916,0.889009009009009,30.0
982,87.45545545545545,25.45945945945946,2.9988088088088087,1.8787987987987989,20.0
983,142.03403403403405,23.53153153153153,2.49974974974975,2.2343543543543545,30.0
984,137.64364364364366,14.558558558558559,1.8989089089089088,2.0565765765765764,30.0
985,149.6096096096096,29.45945945945946,2.4225925925925926,2.2367567567567566,30.0
986,127.3993993993994,26.684684684684683,1.5278978978978979,1.744264264264264,30.0
987,115.0890890890891,19.17117117117117,1.5032732732732732,1.2661861861861863,30.0
988,137.3853853853854,13.405405405405405,2.434084084084084,2.952672672672673,30.0
989,85.04504504504504,16.37837837837838,1.7298198198198196,1.689009009009009,30.0
990,118.36036036036036,29.495495495495497,2.8067367367367364,2.7124324324324327,20.0
991,120.94294294294295,12.72072072072072,2.795245245245245,1.246966966966967,30.0
992,105.7057057057057,15.531531531531531,1.7757857857857857,2.388108108108108,30.0
993,89.69369369369369,12.36036036036036,2.874044044044044,1.198918918918919,30.0
994,135.83583583583584,13.63963963963964,2.7591291291291293,1.5352552552552554,30.0
995,146.76876876876878,29.74774774774775,2.0778478478478477,2.8517717717717717,30.0
996,105.27527527527528,26.46846846846847,1.541031031031031,1.295015015015015,30.0
997,151.67567567567568,28.486486486486488,2.255145145145145,2.2655855855855855,30.0
998,123.95595595595596,22.28828828828829,2.4554254254254255,2.570690690690691,30.0
999,128.86286286286287,27.765765765765764,2.842852852852853,1.4583783783783784,30.0
